n,kappa,alpha,gamma,reps,p_grid_size,fixed_left_tail,valid_fixed_coverage,invalid_posthoc_coverage,coverage_gap_posthoc_minus_valid
4.0,0.75,0.05,0.05,30000.0,81.0,0.0065626809584308585,0.9489333333333333,0.9009,-0.04803333333333326
8.0,1.0,0.05,0.05,30000.0,81.0,0.04999999,0.9504,0.9209666666666667,-0.02943333333333331
